,student_id
0,MNVG5
1,LB2TH
2,ETDRG
3,TME5H
4,G8C0U
5,LB8XY
6,AEGY3
7,7PFTS
8,74LOE
9,EXWEA
10,2J7T0
11,UPVQB
12,0KZS6
13,RGPSQ
14,5IKFU
15,MASAB
16,BLF0G
17,S4YGT
18,PNXUP
19,0FC2B
20,6PQH8
21,C1MCZ
22,42NEO
23,H08BV
24,0WW6N
25,PN7DI
26,OA8E3
27,7FG13
28,AJN0V
29,4RRBE
30,6DCTV
31,K8KRE
32,ABNLD
33,6TTZY
34,HD0QR
35,BG9FM
36,EYFXR
37,KG5MF
38,LLVCV
39,VX97O
40,RFA8S
41,AKMB6
42,WEKZ0
43,6GLIV
44,IXNI7
45,TIVFF
46,GHNH4
47,I9OJV
48,I3X3Z
49,OCUFY
50,CES33
51,N3DMQ
52,TBYDV
53,QS03G
54,DQYGC
55,FZS9D
56,5T3FK
57,YEJFP
58,F9AF4
59,BHDD2
60,N2XBL
61,DH9JM
62,PWTOX
63,MMHV2
64,WIX9F
65,4Q94R
66,CRILM
67,SAYN0
68,6W3J2
69,C3584
70,KJGKN
71,XWMAD
72,8DGQQ
73,JSYRI
74,1VMNH
75,4GUB6
76,4YT5N
77,DTGZA
78,CJSVH
79,GOPGB
80,ETID2
81,I9AT5
82,G1D76
83,P7B9V
84,7PML3
85,EKP6D
86,5Z1B6
87,QCW77
88,1ZWVL
89,GDMQS
90,WUC3P
91,9UO4I
92,MMT5M
93,F51X9
94,0U8DI
95,XKSFM
96,IJKWF
97,4ZRL3
98,OBJSU
99,YJLKC
100,49F3U
101,U8IBL
102,CPQ7T
103,JIPLL
104,IXGKA
105,PDDSN
106,M401J
107,39K0Q
108,65RSM
109,2RA1H
110,BFTIU
111,EPWXS
112,OCJE3
113,U24U5
114,7JBMI
115,4AV4I
116,GNFMX
117,48A1T
118,03T0E
119,FNZ5V
120,JKPGR
121,7BH6I
122,93BY7
123,3431D
124,9E26H
125,ZKC14
126,CFH25
127,TT9MG
128,ME537
129,6O48K
130,72VS3
131,XP6HQ
132,GTHLL
133,DWGQI
134,3XOWE
135,V69IG
136,YED8S
137,2Y5KB
138,B7ZPX
139,TQBTQ
140,EUE94
141,LFC9U
142,TGZB2
143,EMI9G
144,TNGFN
145,Z5DTY
146,R63EU
147,VIVT4
148,1ZXE0
149,39KCW
150,66QL7
151,H0CGC
152,BIFAM
153,WLH9L
154,DXI2U
155,KA6AR
156,HY397
157,R0Z5D
158,VF28H
159,889HH
160,KHMUC
161,RYJH1
162,D1K24
163,LJWJ5
164,H9BKE
165,EOZV5
166,AD7YT
167,K0K0A
168,GRE0J
169,65ZZN
170,PRZUQ
171,15IAX
172,P32P9
173,FZF17
174,BUDF2
175,5WRPI
176,XTC1Q
177,AZJMV
178,7BEF7
179,PH300
180,E6EPH
181,RFVK8
182,JMTOQ
183,YZJEF
184,H4GR3
185,34ANF
186,14BAR
187,SP09I
188,MQHOL
189,2PYGZ
190,LBNRH
191,KV76E
192,6XLGF
193,XILO8
194,S85CT
195,HRW4T
196,O2EGZ
197,ZSJWH
198,W95QH
199,8HMCH
200,QIOYE
201,B4YM5
202,RXDYK
203,2XO1P
204,K6ZPT
205,SJEG2
206,ZTROF
207,A8L7P
208,FIRGN
209,AC5BK
210,UG0VP
211,ILXQY
212,286RT
213,36XVY
214,PR2SE
215,3NOO6
216,HWJG5
217,42OS6
218,5TM1N
219,EEJ6S
220,TMN52
221,H1F9J
222,1BEFZ
223,B4VE7
224,JI9VG
225,MF1NR
226,PNO97
227,K6FWQ
228,QOOMM
229,E794Z
230,HGCQA
231,7OLG6
232,QJVAM
233,4KXHJ
234,JY21F
235,Q5QRY
236,5SLAY
237,ZSLGX
238,VHOWB
239,6MBC0
240,AUZ9N
241,VNP26
242,VEXWA
243,YIFYG
244,THSH4
245,DNCDV
246,Z7PUC
247,43IMD
248,5OKGY
249,A5BS4
250,RVC99
251,MKL3E
252,9J2Z8
253,F5H1B
254,YPXKI
255,KW69V
256,5JSKA
257,O4C5C
258,P6MIL
259,T9YB9
260,99KK2
261,MEUC4
262,J46NP
263,5QQ2M
264,OA4KH
265,YS6D7
266,1C30U
267,7KY71
268,PA75T
269,04TG9
270,HCBLB
271,MLDXH
272,BWHHF
273,O5U7H
274,X006R
275,KELXA
276,BKV9M
277,I55J5
278,IOQIU
279,174XC
280,PPU2J
281,KTSB7
282,ZLIIF
283,MIGU8
284,NRHKL
285,RV35S
286,IFRIJ
287,JU0SW
288,1ZWQW
289,2DSZC
290,YGGJT
291,FYF2E
292,9178O
293,CTFB2
294,O5RMI
295,XRD78
296,1DAZA
297,ZGB9Z
298,RM0W4
299,KB2DJ
300,57N0B
301,UYKRK
302,GRQ2T
303,V7CKV
304,0JIY9
305,ZRQGZ
306,3JJUP
307,0YXPR
308,9KW69
309,Q6SBB
310,1FKL9
311,JIMD2
312,K4MPY
313,37W3X
314,0XMEO
315,SEB4N
316,ARW1X
317,86RZK
318,BVNY3
319,EUUCT
320,FTOMN
321,0OW7I
322,KENTO
323,PV4KT
324,0DXGZ
325,LHLZ0
326,WNW5P
327,IHVXF
328,094FR
329,EH504
330,JR3ZP
331,XQA13
332,SNGT7
333,NIJP6
334,I8P7Y
335,WV4F0
336,GF6MA
337,8023G
338,AYEU1
339,AXE5J
340,PC2MH
341,DOV3H
342,PQFNG
343,T3MLI
344,UP1PU
345,56VOR
346,ZHM15
347,ZBQ4T
348,KTSGX
349,6IDYQ
350,4QD4Z
351,CFICH
352,6QWJK
353,RZ7VK
354,JGQ0Z
355,I3PZA
356,NR8JR
357,QPPQJ
358,AV95M
359,G7UZ5
360,30219
361,S3J5U
362,98TI9
363,86R4S
364,GWG8B
365,O0K98
366,F4ZHY
367,LH25F
368,DUWJP
369,HPY7B
370,SY0BY
371,O8UE1
372,0U8FN
373,6CQH6
374,OV3PC
375,N7XOT
376,2HYPB
377,5UQNP
378,KXPEE
379,3DTQB
380,LMU2D
381,J0V3K
382,MRUD1
383,BR251
384,V2JU6
385,20GR2
386,A2OLH
387,XZH2Z
388,VZ1NV
389,5BAJD
390,58VZ8
391,GI9G6
392,3TJ3A
393,LRZXP
394,G5CGC
395,CNECS
396,ODYMF
397,5NROF
398,T72EG
399,6B3YQ
400,0QDDH
401,BWKEO
402,VCB7U
403,0NJH4
404,3BGGH
405,2EXQP
406,E7D9H
407,EJAMZ
408,BVRKY
409,VCHRB
410,WI916
411,RLE9C
412,M2OMY
413,DAAC3
414,Y2S14
415,9PPQ2
416,ZT5SN
417,TAFUM
418,PZFMC
419,9NW7W
420,CSZV6
421,BO4NT
422,583ZR
423,GGT4A
424,3S4PV
425,FDPKM
426,W4M1T
